,Rental bikes count
0,526.663
1,6.582941666666667
2,151.5049511904762
3,477.381
4,4.2521
5,354.503
6,211.0565
7,67.811
8,287.5095
9,51.305
10,8.264
11,6.904
12,155.59533333333331
13,302.218
14,79.37
15,184.4065
16,28.0725
17,232.1705
18,31.8305
19,352.9165
20,217.526
21,224.55
22,114.0955
23,74.759
24,196.332
25,345.705
26,377.82
27,81.3305
28,850.0439875000001
29,314.3452952380953
30,127.01610000000001
31,121.84141666666667
32,598.059
33,460.5915
34,400.736875
35,222.2545
36,267.058
37,84.309
38,226.84
39,186.5755
40,44.1595
41,287.0925
42,6.525
43,94.15618750000003
44,6.564586904761903
45,97.7625
46,148.2295
47,165.7205
48,433.61
49,30.1525
50,108.06
51,267.8385
52,244.344
53,70.96
54,112.9555
55,227.4145
56,22.4585
57,425.99889404761893
58,2.3105
59,106.70358333333333
60,156.0755
61,166.431
62,241.9945
63,39.1385
64,604.3474666666667
65,370.921
66,25.911
67,239.507
68,26.1
69,315.4285
70,158.136
71,204.9245
72,513.5275
73,225.3165
74,59.0585
75,200.3265
76,114.227
77,104.5625
78,89.243
79,247.5845
80,5.373
81,9.416
82,132.4005
83,711.6665
84,256.88266666666664
85,311.932
86,320.166
87,554.0472654761904
88,5.0345
89,463.00175
90,122.1005
91,292.714
92,4.5005
93,567.339125
94,285.3555
95,6.4895
96,203.365
97,5.7445
98,44.31883333333334
99,30.6585
100,379.0451345238096
101,296.7475
102,300.2414166666667
103,7.87
104,11.3845
105,175.938
106,168.1695
107,7.346
108,317.423
109,4.302042857142856
110,35.726
111,580.492
112,158.4945
113,110.8565
114,144.155
115,374.7515
116,18.450666666666667
117,390.40725
118,14.6515
119,529.568
120,151.23
121,19.3595
122,486.6716333333333
123,459.062
124,47.2865
125,267.113875
126,310.37108333333333
127,164.777875
128,32.5497
129,165.699
130,18.926
131,82.5825
132,200.759
133,219.9045
134,122.026125
135,65.522
136,276.7565
137,6.52425
138,12.9576
139,114.305
140,97.8275
141,681.301
142,24.496
143,541.8025
144,70.0965
145,217.382
146,53.995
147,204.99966666666666
148,27.126
149,63.232
150,6.2425
151,333.2735
152,3.7242333333333333
153,434.879
154,211.591
155,300.4855
156,270.558
157,152.309
158,416.825
159,56.582
160,146.875
161,5.608267857142857
162,237.2745
163,80.8215
164,418.1405
165,817.68375
166,43.9285
167,63.37
168,494.1685
169,302.4235
170,200.5085
171,501.9405
172,67.66566666666665
173,412.1877333333333
174,4.065225
175,286.53
176,36.6995
177,128.096
178,181.5985
179,444.1655
180,114.6325
181,209.4635
182,15.996416666666669
183,10.2695
184,184.325125
185,67.60431666666666
186,212.6505
187,165.984
188,186.8187833333333
189,96.32083333333334
190,454.101
191,14.657657936507936
192,202.206
193,41.2525
194,168.617
195,147.8175
196,3.608
197,33.244
198,325.839
199,400.104
200,137.72933333333333
201,145.7805
202,491.346
203,6.316
204,6.842
205,298.0565
206,137.0245
207,88.60795
208,147.624
209,244.3285
210,111.7815
211,42.967
212,81.5545
213,331.06575
214,119.7515
215,156.1778666666667
216,78.8125
217,104.9895
218,336.5105
219,99.759
220,150.2165
221,123.897
222,26.729
223,205.6505
224,165.5918333333333
225,216.366
226,122.3005
227,241.7235
228,30.7165
229,102.279
230,26.188
231,8.607
232,256.248
233,75.2543
234,654.5121666666668
235,151.8485
236,19.4745
237,344.3049166666666
238,140.7385
239,415.3505
240,74.7435
241,190.0585
242,152.18365238095237
243,528.54975
244,208.521
245,75.101
246,378.454
247,137.27225
248,10.34975
249,253.691
250,118.479
251,147.859
252,393.3675
253,356.532
254,8.469
255,18.6145
256,310.1205
257,201.45785833333335
258,307.94379166666675
259,78.409
260,9.6525
261,338.428
262,5.6765
263,11.37
264,82.4475
265,130.585
266,263.5735
267,192.277
268,64.1185
269,73.713
270,343.712
271,198.319
272,207.1465
273,171.001
274,23.746586904761905
275,325.457
276,415.7775
277,5.54825
278,5.2485
279,42.4045
280,15.727
281,107.75
282,136.171
283,403.5255
284,366.11775
285,236.4675
286,337.533
287,38.1
288,191.881
289,194.3075
290,238.9685
291,4.28
292,132.81210000000002
293,177.792
294,2.8594166666666667
295,67.96013095238095
296,1.1218333333333335
297,114.5885
298,219.5225
299,87.2865
300,111.994
301,80.924
302,464.4675
303,19.8485
304,3.9782
305,4.2025
306,501.6275
307,8.897
308,41.901
309,36.0135
310,406.9885
311,90.4355
312,152.7415
313,6.2975
314,356.90290000000005
315,9.742
316,406.7581666666667
317,324.9487178571428
318,327.454
319,139.566
320,358.1305
321,492.2285
322,103.502
323,19.9275
324,9.24
325,88.0585
326,1.899
327,125.1155
328,165.898
329,31.7985
330,345.6854732142857
331,549.1075
332,82.0095
333,5.220064285714287
334,309.3165
335,3.4445
336,4.584957142857142
337,684.8985
338,295.9925
339,534.5485
340,530.0824714285714
341,382.3275
342,121.3925
343,154.8745
344,153.5245
345,324.408
346,165.726
347,18.248
348,8.9485
349,125.871
350,80.377
351,11.635441666666665
352,31.084975
353,188.468
354,358.8795
355,15.5155
356,102.17138333333338
357,150.0745
358,36.327
359,357.7525
360,9.85012857142857
361,295.092
362,59.4755
363,499.352
364,56.1325
365,27.3205
366,49.851
367,111.99633333333333
368,373.887
369,295.04265000000004
370,303.3225
371,4.912166666666666
372,152.773
373,941.7148333333332
374,185.52
375,278.1975
376,24.128
377,15.6145
378,353.877
379,625.2555
380,6.522773809523809
381,9.196941666666671
382,153.301
383,32.15120833333334
384,318.2985
385,10.0395
386,541.6798392857143
387,139.404
388,324.8435
389,76.0645
390,144.5355
391,10.98645
392,181.8265
393,127.26129166666666
394,4.620616666666666
395,353.269
396,21.83807738095238
397,269.5435
398,247.344
399,184.303975
400,126.357875
401,333.2735
402,63.5665
403,183.2265
404,86.5885
405,217.0405
406,162.315
407,157.4065
408,190.4975
409,24.248
410,625.1725
411,64.892
412,67.7955
413,431.85383333333334
414,115.591
415,147.9985
416,181.3145
417,31.723
418,162.6855
419,6.3925
420,4.619
421,228.6665
422,358.33
423,33.071
424,17.6745
425,161.8665
426,88.4595
427,56.0335
428,200.39636666666664
429,95.2795
430,125.9985
431,89.436
432,156.009
433,312.385
434,57.343
435,352.132
436,226.22585
437,400.15495
438,38.073
439,43.522
440,340.201
441,496.663
442,182.828
443,207.4
444,95.305
445,128.582
446,27.675
447,136.7625
448,284.7825
449,7.213416666666668
450,96.322
451,307.336
452,501.3565
453,285.307
454,256.171
455,88.7425
456,69.648
457,17.1865
458,639.368
459,262.972
460,72.4605
461,283.3705
462,498.1985
463,154.2875
464,105.2785
465,107.0095
466,188.334
467,267.686
468,607.6455
469,302.377
470,4.616
471,216.847
472,20.584704761904764
473,56.109
474,187.06
475,35.0045
476,79.3935
477,303.621
478,182.974
479,151.4455
480,335.5325
481,5.237
482,5.7445
483,29.6285
484,272.832
485,69.4885
486,263.138
487,84.486
488,5.262
489,5.562
490,216.6905
491,12.167
492,354.1757333333333
493,255.884
494,308.9925
495,213.12
496,364.172
497,34.523
498,6.1725
499,172.3085
500,125.57825
501,219.507
502,291.183
503,35.778
504,7.9585
505,10.848
506,402.2801178571429
507,61.0775
508,147.35875
509,102.2505
510,168.954
511,36.569
512,427.0765
513,370.70425
514,104.06625
515,237.5139
516,687.6435
517,838.50625
518,318.0282
519,92.4685
520,34.3105
521,309.2295
522,109.808
523,164.376
524,144.66775
525,201.24886666666666
526,7.547250000000001
527,358.7225
528,179.1295
529,169.5931571428571
530,118.589
531,141.9865
532,24.723
533,172.6545
534,112.745
535,5.880325000000001
536,5.108333333333333
537,145.5145
538,277.879
539,228.403
540,213.687
541,5.8535
542,432.3855
543,178.65033333333332
544,421.819
545,190.656
546,17.453
547,6.081
548,238.36277500000003
549,21.739
550,362.578
551,97.787
552,181.6195
553,371.3045
554,178.1105
555,176.1625
556,145.1465
557,391.2031666666667
558,344.9165
559,417.5555
560,194.961
561,94.1675
562,77.87
563,14.866
564,59.555
565,258.694
566,78.5655
567,344.2395
568,147.454
569,337.6345
570,190.3475
571,31.403
572,100.552
573,78.6805
574,52.30476904761905
575,3.136185714285713
576,531.2134
577,111.4035
578,533.707
579,691.2305
580,287.0615
581,106.1185
582,203.7265
583,63.703
584,298.52
585,134.741
586,289.8275
587,248.1865
588,316.4045
589,26.3585
590,130.2465
591,19.268
592,359.635
593,355.8835
594,121.59
595,548.411
596,8.6875
597,183.69
598,13.5105
599,117.7955
600,10.588
601,28.4675
602,74.06247916666665
603,622.4885
604,510.395
605,74.593
606,239.8495
607,353.112
608,507.9815
609,405.9575
610,7.5035
611,76.75
612,20.406
613,121.044
614,3.8055428571428576
615,5.2445
616,259.52775
617,270.1735
618,15.689
619,292.7045
620,17.938
621,113.696
622,102.0615
623,644.2775
624,158.9205
625,23.454083333333337
626,207.321
627,358.948
628,48.291
629,81.077
630,446.1085
631,585.8305
632,413.065
633,476.704
634,380.4922500000001
635,261.7
636,193.3365
637,55.771
638,22.4985
639,125.1745
640,140.858
641,13.033100000000001
642,37.333
643,120.58904166666667
644,70.35
645,132.47825
646,457.7145
647,45.118
648,8.6
649,136.4275
650,58.585
651,74.283
652,479.577
653,222.2565
654,25.611
655,312.65675
656,352.9755
657,32.6825
658,24.56505
659,109.824
660,110.5785
661,142.9525
662,228.1945
663,285.938
664,185.979
665,10.8845
666,89.0535
667,3.164
668,213.9145
669,356.9096666666667
670,236.0055
671,98.2065
672,395.7265
673,117.604
674,15.942
675,389.0185
676,345.288
677,227.451
678,21.963
679,75.2645
680,107.7995
681,214.822
682,575.5085
683,548.9065
684,194.371
685,126.4675
686,351.17
687,233.6315
688,71.4995
689,145.834
690,490.4855
691,140.24
692,351.99225
693,168.4765
694,130.1695
695,356.039
696,264.5745
697,9.66
698,509.5135
699,3.648
700,50.1155
701,193.4155
702,6.5375
703,131.2105
704,131.06035
705,23.835
706,313.5386369047619
707,191.3675
708,71.3075
709,24.6565
710,495.9395
711,339.955
712,198.1215
713,28.153
714,352.103
715,255.3565
716,383.307
717,297.3939428571429
718,82.1985
719,387.1305
720,300.7785
721,18.1385
722,188.149
723,395.7625
724,62.9865
725,219.169
726,6.2875
727,231.795
728,166.029
729,785.9311666666666
730,257.02143333333333
731,25.425
732,269.673
733,292.582
734,343.95
735,10.2635
736,128.41834166666666
737,190.124
738,187.34533333333331
739,480.1016333333333
740,266.15245833333336
741,464.2945
742,208.345
743,161.3135
744,24.05
745,71.092125
746,276.514
747,6.95225
748,153.5195
749,22.3295
750,371.6935
751,246.9495
752,289.643
753,325.157
754,34.935
755,521.282
756,585.664
757,168.5665
758,201.4085
759,221.904
760,202.3575
761,310.9918333333334
762,277.1599166666667
763,4.7715
764,75.0025
765,136.4765
766,243.5685
767,165.2495
768,420.7745
769,203.861
770,504.309
771,427.58
772,36.84353988095238
773,142.1635
774,605.058
775,201.60799999999998
776,70.6225
777,18.857863492063487
778,140.7665
779,329.9337
780,372.8125
781,301.862
782,108.0655
783,571.8485
784,66.07
785,5.974
786,118.50855
787,3.164
788,265.8495
789,601.8145
790,104.4925
791,4.6812
792,22.507733333333338
793,90.47325
794,239.692
795,66.20314285714286
796,32.83
797,517.1155
798,161.14
799,75.7115
800,13.565
801,8.2265
802,6.7465
803,144.93383333333333
804,150.9335
805,285.7945
806,135.635
807,1.841
808,13.201
809,188.6105
810,51.7925
811,99.465
812,232.44
813,86.648
814,23.121
815,48.0321482142857
816,521.4239583333333
817,77.6995
818,13.38375
819,38.5865
820,49.5915
821,407.1765
822,320.04749999999996
823,79.2743285714286
824,65.3055
825,168.794
826,497.1085
827,210.0995
828,11.343999999999998
829,346.944625
830,241.901
831,184.555
832,251.1085
833,75.0035
834,531.7255
835,249.766
836,305.017
837,4.1365
838,86.69
839,286.0842
840,537.967
841,121.9847857142857
842,205.5365
843,37.3615
844,285.426
845,57.931
846,33.2005
847,46.2605
848,172.48
849,160.3775
850,112.287
851,829.7063333333333
852,97.30985476190477
853,213.637
854,91.09
855,8.1245
856,70.8515
857,416.1525
858,84.39
859,282.405
860,132.8285
861,99.8035
862,516.296
863,114.18937499999998
864,4.806220238095238
865,23.08645
866,44.85610357142856
867,272.561
868,696.284
869,436.496
870,11.7495
871,6.0155
872,317.2121714285715
873,366.12200000000007
874,145.992
875,15.634
876,313.130875
877,529.3075
878,576.8405
879,155.677
880,316.550095238095
881,9.884075
882,228.1745
883,36.958875
884,7.663583333333333
885,182.541
886,209.5225
887,55.809
888,280.363
889,170.022
890,321.3735
891,143.856
892,216.48
893,142.11083333333335
894,95.4645
895,69.3825
896,218.1245
897,10.889
898,240.647
899,164.577
900,703.6645
901,26.954
902,131.7007166666666
903,308.816
904,10.728299999999999
905,108.4815
906,263.0815
907,410.588
908,466.019
909,54.6815
910,340.09225
911,123.1445
912,211.375
913,31.844833333333334
914,57.674833333333325
915,432.6245
916,60.442
917,221.612
918,651.1235
919,85.7355
920,81.09358333333334
921,3.165
922,3.1092000000000004
923,356.4749583333333
924,38.407
925,59.443
926,192.946
927,214.8705
928,3.796
929,456.9645
930,342.7874166666667
931,186.21716666666666
932,240.855
933,25.414033333333332
934,195.393
935,114.863
936,252.799
937,167.3046
938,3.979
939,109.5175
940,375.555
941,284.5235
942,497.756
943,2.347866666666667
944,212.903
945,80.09880555555556
946,181.023875
947,10.341625
948,141.292
949,165.82245
950,101.9005
951,217.6765
952,125.767
953,298.4475
954,323.359
955,389.935
956,279.20826666666665
957,14.84570833333333
958,368.3445
959,256.723
960,122.42
961,108.173625
962,157.4685
963,31.349
964,297.8625
965,223.0025
966,149.806
967,9.2
968,197.627
969,448.758
970,150.1415
971,9.34
972,143.7645
973,350.242
974,405.0915
975,4.3715
976,67.444125
977,15.7325
978,4.9455
979,22.048
980,409.596
981,120.9435
982,103.6525
983,84.306
984,3.1665
985,15.503
986,16.651
987,190.0845
988,59.994
989,78.389
990,71.047
991,10.713
992,321.6968
993,22.050966666666667
994,213.403
995,240.8435
996,243.953
997,113.9955
998,612.211
999,206.168
1000,206.9355
1001,175.685625
1002,98.31
1003,80.406
1004,103.0695
1005,204.48333333333335
1006,171.4035
1007,84.2105
1008,94.8105
1009,143.1795
1010,103.3305
1011,4.3046625
1012,422.4737583333333
1013,232.5875
1014,227.80325
1015,337.8095
1016,38.199
1017,233.8465
1018,4.248751785714286
1019,14.5845
1020,234.6935
1021,202.278
1022,321.4495
1023,233.6175
1024,4.6415
1025,90.664
1026,18.7065
1027,136.5665
1028,658.2925
1029,18.311
1030,307.2095
1031,159.2535
1032,5.878454761904763
1033,24.126
1034,13.234
1035,4.328174999999999
1036,63.0295
1037,7.22
1038,2.3173333333333335
1039,24.128
1040,469.65918571428574
1041,4.1115
1042,474.6825
1043,25.510483333333333
1044,190.259
1045,93.87
1046,7.441
1047,10.277125
1048,7.3135
1049,2.84
1050,309.0765
1051,186.46283333333335
1052,269.80475952380954
1053,287.926
1054,434.372
1055,284.3225
1056,21.1655
1057,196.082
1058,128.784
1059,6.57
1060,85.506
1061,593.691
1062,130.4532
1063,283.9805
1064,224.342
1065,45.01816666666667
1066,495.9480666666667
1067,255.9875
1068,6.783933333333335
1069,157.06866666666667
1070,39.7195
1071,116.0805
1072,154.2325
1073,309.769
1074,134.1395
1075,39.46783333333333
1076,616.3735
1077,157.35
1078,62.27066666666666
1079,349.6515
1080,420.67527499999994
1081,174.099
1082,8.2377
1083,2.168
1084,178.737
1085,205.463
1086,18.920041666666663
1087,259.4295
1088,294.8455
1089,172.1535
1090,627.2923333333332
1091,905.9790333333334
1092,153.3795
1093,126.0935
1094,59.4615
1095,128.6065
1096,77.624
1097,238.7745
1098,161.397
1099,264.942
1100,147.044
1101,137.1525
1102,12.189708333333334
1103,3.3175
1104,459.9295333333334
1105,5.14075
1106,269.6605
1107,429.697
1108,334.8755
1109,299.7422023809524
1110,21.4105
1111,9.1855
1112,768.413
1113,348.711
1114,293.677
1115,320.9725
1116,164.7485
1117,107.59325
1118,39.224
1119,118.96
1120,183.61
1121,138.9185
1122,157.660125
1123,55.723
1124,263.24240000000003
1125,212.484
1126,117.4435
1127,374.499
1128,64.826
1129,14.7085
1130,499.8245
1131,196.135
1132,186.4715
1133,210.375
1134,56.917449999999995
1135,299.0395
1136,31.272035714285707
1137,200.4425
1138,196.803
1139,101.579
1140,354.92686785714284
1141,41.01428214285714
1142,357.0335
1143,533.1357539682541
1144,21.8025
1145,197.45680833333333
1146,13.792333333333334
1147,132.4225
1148,115.1885
1149,315.073
1150,536.2635
1151,154.229
1152,709.9515
1153,249.403
1154,208.7535
1155,14.6415
1156,10.852
1157,296.525
1158,501.406
1159,211.0955
1160,150.5445
1161,384.944
1162,248.881
1163,440.7535
1164,23.5175
1165,378.221
1166,12.342
1167,439.912
1168,279.8985
1169,111.4305
1170,209.01
1171,37.1865
1172,320.8495
1173,80.225
1174,78.44815595238096
1175,71.622
1176,156.1775
1177,234.5885
1178,647.639
1179,227.854
1180,157.32847261904763
1181,15.7205
1182,223.1885
1183,17.1615
1184,159.47070000000002
1185,180.62031250000007
1186,10.830625
1187,11.3225
1188,153.9055
1189,197.117
1190,40.625
1191,429.3475
1192,211.8765
1193,85.8575
1194,407.4155
1195,277.1125
1196,69.84175
1197,159.7755
1198,130.3095
1199,25.567
1200,316.1455
1201,206.2025
1202,13.141
1203,198.8135
1204,172.579
1205,221.373
1206,251.111
1207,128.699
1208,354.5495
1209,293.2225
1210,49.1335
1211,500.9425
1212,314.38554166666665
1213,355.130625
1214,35.337
1215,29.361111111111118
1216,164.7935
1217,2.7086785714285706
1218,659.2685
1219,199.0305
1220,305.00375
1221,245.57025
1222,62.50105833333333
1223,354.831
1224,299.8868
1225,139.473
1226,3.5756666666666663
1227,77.18534166666666
1228,160.857
1229,37.38349166666666
1230,9.385
1231,63.2175
1232,241.9405
1233,35.660583333333335
1234,174.6165
1235,622.4065
1236,365.0885
1237,122.732
1238,22.796
1239,465.069
1240,58.66936904761904
1241,343.1825
1242,68.7035
1243,852.8774857142855
1244,164.7505
1245,106.053
1246,443.7595
1247,89.6505
1248,154.9845
1249,180.9055
1250,33.056
1251,107.4805
1252,221.648
1253,340.063
1254,209.7535
1255,52.44683333333333
1256,57.2215
1257,18.1125
1258,252.2135
1259,381.268
1260,77.52425
1261,229.556
1262,18.905125
1263,76.415
1264,844.9434666666666
1265,187.898
1266,275.35535714285714
1267,219.12066666666666
1268,141.515
1269,75.9825
1270,377.8885
1271,63.51195
1272,192.3646666666667
1273,791.725
1274,9.9145
1275,9.4265
1276,213.533
1277,8.6895
1278,219.164
1279,182.577
1280,71.7825
1281,23.798
1282,140.9176666666667
1283,338.977
1284,63.759
1285,18.9915
1286,283.9735
1287,332.5315
1288,504.8615
1289,368.718
1290,51.6595
1291,8.8085
1292,49.572
1293,187.62241666666668
1294,45.139175
1295,741.685
1296,260.5265
1297,534.719
1298,206.3155
1299,342.23575
1300,45.87
1301,543.7858333333332
1302,68.7812
1303,9.946425
1304,7.7025
1305,185.561
1306,18.14108968253968
1307,6.8625
1308,197.895
1309,227.9825
1310,9.122
1311,37.094
1312,291.787
1313,422.7236000000001
1314,9.582
1315,220.793
1316,245.947
1317,156.5325
1318,51.7145
1319,119.402
1320,54.8375
1321,432.27925
1322,215.2395
1323,93.5005
1324,447.5615
1325,47.8135
1326,291.5005
1327,66.7195
1328,295.3305
1329,254.6435
1330,331.7885
1331,770.7
1332,37.5635
1333,342.2485
1334,31.7622
1335,214.5485
1336,375.311
1337,307.183
1338,93.11958333333332
1339,22.817178571428574
1340,89.763
1341,15.826471428571429
1342,169.119
1343,691.751
1344,10.2305
1345,43.2025
1346,143.3315
1347,164.8785
1348,242.317
1349,100.01198571428571
1350,277.52
1351,110.789
1352,471.8318333333333
1353,13.889
1354,493.061
1355,43.6855
1356,67.7245
1357,293.0215
1358,2.067899999999999
1359,154.2375
1360,105.5445
1361,75.3695
1362,355.0111666666666
1363,749.2185
1364,200.722
1365,167.709
1366,95.7465
1367,37.0485
1368,112.7795
1369,408.462
1370,280.258
1371,230.4405
1372,192.5185
1373,63.2875
1374,95.2565
1375,249.142
1376,188.6535
1377,448.2935
1378,75.266
1379,10.9865
1380,335.3655
1381,40.8725
1382,234.726
1383,115.322
1384,389.17778571428573
1385,7.4155
1386,6.034790476190478
1387,67.806
1388,177.0267
1389,602.9462833333333
1390,106.5352
1391,465.848
1392,24.0375
1393,6.075916666666666
1394,147.5285
1395,131.194
1396,554.8615
1397,213.44133333333335
1398,105.3065
1399,4.47575
1400,97.893
1401,210.3695
1402,96.735125
1403,2.871
1404,10.953
1405,55.216
1406,474.3205
1407,294.0
1408,13.8995
1409,235.939
1410,34.61
1411,490.003
1412,3.3515
1413,187.8015
1414,392.132
1415,363.794
1416,438.768
1417,355.4300642857143
1418,336.0455
1419,268.290625
1420,415.08070000000004
1421,188.656
1422,226.207
1423,64.382
1424,76.2295
1425,162.7165
1426,468.553
1427,6.737
1428,91.008625
1429,155.489
1430,6.080942857142858
1431,106.98275
1432,145.4245
1433,342.782
1434,20.67
1435,38.8415
1436,6.282
1437,3.271766666666667
1438,71.77433333333335
1439,113.734
1440,182.049
1441,136.3675
1442,174.553
1443,363.845
1444,204.169
1445,16.8225
1446,130.351
1447,191.1795
1448,4.63
1449,506.069
1450,73.0325
1451,8.207
1452,143.0
1453,184.503
1454,205.412
1455,5.0226999999999995
1456,297.815
1457,335.2345
1458,436.7635
1459,10.735416666666667
1460,51.076
1461,194.0655
1462,242.6975
1463,9.9482
1464,6.4025
1465,5.494729761904759
1466,531.1505
1467,36.272
1468,4.117
1469,240.905
1470,2.4569
1471,246.24
1472,195.057
1473,312.9425
1474,301.8515
1475,87.758
1476,134.0085
1477,258.842
1478,184.97
1479,248.879
1480,197.6915
1481,556.9861666666667
1482,10.13575
1483,143.227
1484,62.0005
1485,92.542
1486,324.3368142857143
1487,25.8465
1488,7.1025
1489,206.2845
1490,368.3245
1491,32.84283333333334
1492,428.292
1493,39.514
1494,214.315
1495,398.829
1496,3.8975
1497,2.188
1498,521.7125
1499,450.628
1500,254.8123630952381
1501,4.131
1502,121.341
1503,403.3025
1504,172.4895
1505,119.04125
1506,131.9195
1507,234.05975
1508,11.106
1509,6.0433666666666666
1510,71.600425
1511,9.881
1512,289.554
1513,201.0505
1514,8.996
1515,19.5595
1516,38.552
1517,5.186357142857143
1518,4.2195
1519,210.56
1520,146.193
1521,77.2915
1522,69.6135
1523,60.068
1524,142.5494166666667
1525,26.7
1526,199.3365
1527,192.286
1528,165.038
1529,769.5195
1530,397.0465
1531,219.826
1532,570.3635
1533,338.39072500000003
1534,426.056
1535,41.1685
1536,97.5995
1537,167.51791666666668
1538,379.1005
1539,111.237
1540,8.526591666666667
1541,275.448
1542,250.469
1543,81.968
1544,27.549
1545,212.674
1546,323.409
1547,491.191
1548,51.7335
1549,234.56675
1550,176.73041666666666
1551,521.8314166666667
1552,4.6685
1553,156.4466666666667
1554,167.72021250000003
1555,244.2763833333333
1556,246.89383333333333
1557,223.883
1558,195.8785
1559,235.7585
1560,74.328
1561,22.985
1562,72.2075
1563,127.9545
1564,109.0705
1565,98.5325
1566,256.2525
1567,50.7585
1568,407.0865
1569,44.3365
1570,187.486
1571,576.604
1572,108.696425
1573,177.89448333333334
1574,282.0005
1575,70.17014166666668
1576,545.982
1577,333.024
1578,196.5185
1579,18.461
1580,48.725
1581,4.103
1582,243.468
1583,133.8035
1584,67.58825
1585,464.0675
1586,235.066
1587,3.73175
1588,63.973
1589,6.742
1590,345.9985
1591,217.2465
1592,6.5655
1593,96.2725
1594,243.86635714285717
1595,403.79475
1596,26.765
1597,234.4245
1598,54.094
1599,154.047
1600,213.9695
1601,5.284458333333333
1602,274.7895
1603,113.1345
1604,174.3235
1605,733.612
1606,156.5496666666667
1607,318.6295
1608,5.188
1609,303.4175
1610,123.177
1611,141.3405
1612,10.4955
1613,207.1555
1614,130.0445
1615,12.223095238095237
1616,67.527375
1617,471.3315
1618,553.0375
1619,202.974
1620,7.269
1621,451.589
1622,136.466
1623,82.404
1624,1.8765
1625,148.63225
1626,3.5665
1627,65.941
1628,140.561
1629,58.2315
1630,60.58646666666667
1631,48.769
1632,63.031
1633,630.9535
1634,75.142
1635,141.4985
1636,14.03
1637,168.948
1638,110.21409999999999
1639,94.4985
1640,9.455
1641,113.95773333333332
1642,428.98775
1643,454.1885
1644,231.024
1645,144.8195
1646,5.9305
1647,390.5557333333334
1648,361.3185
1649,544.9985
1650,183.538
1651,90.1245
1652,315.214
1653,158.2575
1654,4.920333333333334
1655,723.927
1656,73.264
1657,6.1355
1658,11.496
1659,293.998
1660,452.2385
1661,13.593
1662,250.989
1663,6.7078999999999995
1664,318.0915
1665,176.1545
1666,2.716
1667,27.305
1668,116.25775
1669,214.023
1670,129.22101666666666
1671,471.576425
1672,4.3165
1673,95.15180000000001
1674,97.9315
1675,220.43
1676,290.4575
1677,56.1705
1678,3.0716
1679,401.1535
1680,137.74675
1681,458.9175
1682,310.818
1683,296.36875
1684,233.352
1685,710.6765
1686,605.0025
1687,5.725666666666666
1688,83.47372499999999
1689,199.6175
1690,417.854
1691,154.9015
1692,4.7525
1693,110.681
1694,2.5185
1695,151.7125
1696,212.172
1697,649.3415
1698,236.842
1699,5.461660714285713
1700,312.2415833333333
1701,43.172875
1702,312.5925
1703,261.702875
1704,203.22
1705,6.039027380952382
1706,48.9795
1707,478.812
1708,266.819
1709,89.9075
1710,114.396025
1711,7.9935
1712,135.2675
1713,30.688
1714,303.54175
1715,441.3276666666667
1716,210.648
1717,394.0625
1718,440.296
1719,79.7205
1720,44.5755
1721,48.28391666666666
1722,225.412
1723,10.5745
1724,262.326
1725,340.3939178571428
1726,77.93610000000001
1727,301.185
1728,213.3955
1729,75.54287499999998
1730,6.6915
1731,683.708
1732,137.634
1733,12.705
1734,370.0705
1735,120.4775
1736,281.182
1737,169.627
1738,8.579
1739,254.55
1740,320.3025
1741,304.026
1742,526.8035
1743,99.957
1744,437.973
1745,86.75879166666665
1746,367.75
1747,98.737
1748,285.3835
1749,47.3465
1750,3.2080000000000006
1751,48.649
1752,54.75
1753,343.743
1754,5.9165
1755,205.0245
1756,8.088
1757,509.331875
1758,97.76
1759,383.852
1760,22.5225
1761,312.567
1762,64.282
1763,39.0845
1764,239.332
1765,70.7555
1766,29.7755
1767,357.6815
1768,10.4265
1769,44.2125
1770,881.2991166666665
1771,90.1735
1772,608.5510119047618
1773,11.6585
1774,266.401
1775,282.67416190476195
1776,178.2055
1777,200.8055
1778,3.5765
1779,146.7615
1780,163.7575
1781,207.9975
1782,14.834738095238093
1783,5.9975
1784,7.118
1785,134.8335
1786,498.4165
1787,196.227
1788,153.5151666666667
1789,443.96495833333336
1790,205.479
1791,68.0025
1792,232.2725
1793,322.8695
1794,95.6105
1795,269.609
1796,6.447
1797,367.196
1798,95.4925
1799,79.82
1800,17.95145
1801,16.9685
1802,309.8552071428571
1803,854.2096
1804,129.8445
1805,449.323
1806,117.7645
1807,206.3545
1808,5.964
1809,123.02349999999998
1810,261.87
1811,386.3215
1812,267.3425
1813,116.11501666666666
1814,58.3685
1815,124.8155
1816,166.722
1817,249.515
1818,1.8245
1819,70.814
1820,269.806
1821,27.5515
1822,115.1605
1823,198.953
1824,291.3375
1825,4.7895
1826,217.132
1827,210.464
1828,6.0685
1829,13.0425
1830,211.584
1831,193.8555
1832,351.22825
1833,137.2025
1834,433.9825
1835,197.4535
1836,64.485
1837,42.8795
1838,199.3605
1839,5.4374696428571445
1840,159.4535
1841,5.9545
1842,199.485
1843,353.345
1844,832.4736095238094
1845,5.3535
1846,74.506
1847,424.733
1848,206.44
1849,467.6925
1850,297.287
1851,365.165
1852,29.494
1853,527.116
1854,76.2645
1855,189.4495
1856,24.4865
1857,141.428
1858,152.18186666666668
1859,17.805
1860,350.7492833333333
1861,21.140833333333337
1862,443.027
1863,305.01895833333333
1864,106.642
1865,83.92308333333334
1866,259.666
1867,94.693
1868,99.5025
1869,132.6125
1870,266.0395
1871,89.2515
1872,146.9805
1873,3.539
1874,146.3585
1875,124.305
1876,250.716
1877,121.26825
1878,51.069
1879,224.2125
1880,417.7955
1881,207.9515
1882,34.04
1883,117.639
1884,4.17375
1885,73.712
1886,27.092125
1887,393.47238214285716
1888,6.6555
1889,118.419
1890,8.2805
1891,341.56583928571416
1892,4.881399999999999
1893,69.4655
1894,1.737
1895,77.304
1896,10.563
1897,2.4685
1898,187.338
1899,51.2765
1900,386.6255
1901,168.7065
1902,12.909
1903,327.14
1904,87.031875
1905,255.935
1906,162.2435
1907,193.5965
1908,16.38
1909,16.963
1910,866.0605
1911,427.905
1912,112.276
1913,2.3575
1914,263.87875
1915,2.7075
1916,465.136
1917,22.533
1918,93.9005
1919,140.9975
1920,155.537
1921,367.48990000000003
1922,74.37932500000001
1923,107.8475
1924,136.39766666666665
1925,211.6145
1926,256.8908333333334
1927,184.2275
1928,34.7815
1929,13.002699999999999
1930,198.403
1931,179.814
1932,37.403
1933,226.3525
1934,239.388
1935,3.3391666666666664
1936,525.9635
1937,216.92275
1938,137.713
1939,740.7784916666667
1940,104.16425
1941,115.254
1942,39.0135
1943,377.684
1944,201.7535
1945,152.2755
1946,114.1985
1947,441.334
1948,10.7125
1949,62.0675
1950,230.3305
1951,316.209
1952,131.382
1953,140.0305
1954,280.7635
1955,215.5995
1956,28.123
1957,289.6455
1958,450.0345
1959,214.532
1960,38.0515
1961,161.637
1962,2.3905
1963,172.152
1964,101.233
1965,249.9865
1966,62.466
1967,345.9045
1968,10.216
1969,6.8735
1970,9.070775000000001
1971,21.5645
1972,29.577
1973,58.133
1974,2.7475
1975,170.0105
1976,49.1795
1977,235.5985
1978,5.9316666666666675
1979,229.0695
1980,379.7665
1981,53.809
1982,73.0145
1983,109.222
1984,46.3235
1985,102.2595
1986,355.9835
1987,338.3565
1988,286.429
1989,114.6318
1990,4.6898
1991,7.9225
1992,13.593
1993,96.2235
1994,523.359
1995,139.0525
1996,89.924
1997,25.3335
1998,321.84058333333337
1999,310.3105
2000,536.5965
2001,8.13025
2002,396.707
2003,119.37450833333334
2004,9.51675
2005,206.76925
2006,541.7375
2007,419.9205
2008,6.6195
2009,10.7215
2010,216.65
2011,18.8205
2012,193.3895
2013,204.9705
2014,89.771
2015,100.352
2016,80.3345
2017,151.87295833333334
2018,68.7205
2019,295.1853333333333
2020,346.987
2021,16.0185
2022,345.441
2023,184.685
2024,399.5678678571428
2025,44.95087857142857
2026,47.1915
2027,14.429333333333334
2028,428.251
2029,42.481
2030,128.35508333333334
2031,6.261
2032,390.2605
2033,25.5615
2034,294.9445
2035,7.2435
2036,376.4956666666667
2037,131.8245
2038,130.1135
2039,25.395
2040,40.9
2041,603.8353333333333
2042,146.2805
2043,78.648
2044,125.5745
2045,20.981
2046,216.89741666666666
2047,458.594
2048,134.90971666666667
2049,454.988
2050,216.685
2051,5.821
2052,4.592
2053,107.71175
2054,312.617
2055,62.5985
2056,24.21333333333333
2057,326.9725
2058,165.3665
2059,30.403
2060,318.08225
2061,134.67882500000002
2062,10.880666666666666
2063,242.294
2064,167.0625
2065,375.3495
2066,266.6355
2067,244.267
2068,120.7665
2069,212.1675
2070,106.69
2071,69.071
2072,99.60125
2073,142.8625
2074,91.513
2075,466.4685
2076,15.292
2077,718.914
2078,252.1945
2079,107.831
2080,13.08
2081,141.675
2082,9.165
2083,196.519
2084,110.1015
2085,245.1255
2086,247.768
2087,91.2255
2088,718.9615
2089,134.8085
2090,67.035
2091,240.198
2092,201.5075
2093,164.904
2094,114.378
2095,23.988
2096,24.33395
2097,251.828
2098,8.1785
2099,134.5819166666667
2100,105.036
2101,253.8075
2102,286.888
2103,289.7915
2104,359.23875
2105,43.0175
2106,316.57325
2107,2.367
2108,155.212
2109,129.7162
2110,256.0205
2111,103.417
2112,272.1065
2113,271.025
2114,460.5608583333333
2115,67.8955
2116,134.21
2117,111.4715
2118,638.4654166666668
2119,9.7015
2120,223.233
2121,295.228
2122,35.74116666666667
2123,465.754
2124,526.4715
2125,9.158
2126,337.465
2127,4.536
2128,72.6795
2129,169.45709166666666
2130,445.4145916666667
2131,13.1495
2132,239.56875
2133,236.18200000000002
2134,351.926
2135,631.6265
2136,8.6145
2137,259.1595
2138,214.7495
2139,174.7535
2140,74.095
2141,20.546166666666668
2142,110.1715
2143,867.0599166666665
2144,88.13733333333333
2145,62.740625
2146,334.8105
2147,490.947
2148,66.4885
2149,96.1395
2150,95.964375
2151,105.874
2152,97.9285
2153,313.5525
2154,604.6135523809525
2155,115.7935
2156,34.638
2157,247.9575
2158,200.334
2159,31.7185
2160,342.2736666666667
2161,8.70675
2162,59.9055
2163,550.433
2164,288.04975
2165,149.1545
2166,63.76814166666667
2167,297.418
2168,213.668
2169,48.924
2170,146.6095
2171,204.468
2172,505.9
2173,355.3585
2174,87.81
2175,646.3284583333332
2176,29.6675
2177,150.053
2178,629.9945
2179,166.445
2180,390.6975
2181,265.5267083333334
2182,72.536
2183,70.7795
2184,17.902
2185,4.603875
2186,3.8045
2187,269.086
2188,126.691
2189,154.703
2190,387.1775
2191,251.3265
2192,182.7605
2193,555.155
2194,157.5895
2195,44.941166666666675
2196,329.922
2197,232.2775
2198,5.50175
2199,38.53516666666667
2200,100.9285
2201,558.3317666666667
2202,164.8055
2203,452.409
2204,226.2645
2205,29.724
2206,492.078
2207,34.833
2208,323.7025
2209,6.4128
2210,131.546
2211,318.406
2212,360.9425
2213,514.066
2214,251.8855
2215,132.72841666666667
2216,275.4775
2217,6.733409920634923
2218,212.1005
2219,5.726775
2220,71.116
2221,16.586
2222,286.7925
2223,80.1135
2224,6.2157
2225,131.572
2226,163.347
2227,41.527
2228,501.6385
2229,3.5021666666666667
2230,58.330999999999996
2231,219.2675
2232,76.479
2233,267.015
2234,258.5165
2235,315.3165
2236,314.736
2237,238.196
2238,60.5165
2239,38.948775000000005
2240,6.1055
2241,745.2055
2242,2.8105
2243,42.43939345238093
2244,5.365625
2245,33.492
2246,152.7798392857143
2247,87.705
2248,62.1025
2249,214.268
2250,93.722
2251,26.4745
2252,249.2455
2253,283.72035714285715
2254,265.654
2255,134.404
2256,290.818
2257,174.086
2258,171.001
2259,1.5656666666666665
2260,216.306
2261,182.233375
2262,524.6885
2263,214.5155
2264,346.393875
2265,180.4085
2266,6.398
2267,267.549
2268,24.1685
2269,16.989
2270,35.30975
2271,135.0265
2272,91.924
2273,445.4145916666667
2274,5.005928571428572
2275,184.561
2276,225.37
2277,57.18275
2278,31.06187777777777
2279,57.9875
2280,466.914
2281,9.344524999999999
2282,322.612
2283,506.4925
2284,15.8405
2285,534.2225
2286,312.543
2287,19.286833333333337
2288,275.706
2289,600.01975
2290,86.51262499999999
2291,42.264824999999995
2292,46.412
2293,70.0825
2294,2.0905
2295,430.1795
2296,390.4215
2297,256.7715
2298,16.54
2299,636.1755
2300,90.8155
2301,209.9125
2302,68.338
2303,863.4582083333333
2304,155.1745
2305,11.52
2306,337.7005
2307,164.6625
2308,154.4543
2309,148.4555
2310,528.031
2311,184.74745833333333
2312,292.7575
2313,408.077
2314,98.41
2315,75.34406666666666
2316,230.373
2317,194.108
2318,386.445
2319,74.759
2320,271.9585
2321,189.9005
2322,30.83
2323,40.791
2324,22.826
2325,812.8803333333334
2326,94.654
2327,45.1715
2328,149.61676666666665
2329,70.90158333333333
2330,173.563
2331,206.0765
2332,203.4935
2333,283.0845
2334,125.66025
2335,18.831
2336,130.8485
2337,375.4045
2338,435.036
2339,167.793
2340,11.129625000000003
2341,106.8305
2342,244.008
2343,123.7045
2344,72.839
2345,219.28
2346,21.0885
2347,235.249
2348,31.148
2349,137.568
2350,200.199
2351,477.94276666666667
2352,119.047
2353,38.526824999999995
2354,145.256
2355,85.2495
2356,175.41905
2357,290.7365
2358,148.482
2359,341.91721428571424
2360,448.846
2361,110.573
2362,33.223
2363,10.131
2364,74.164125
2365,176.0165
2366,211.8085
2367,557.9195
2368,6.449333333333334
2369,118.713
2370,218.668
2371,508.3605
2372,354.567
2373,3.2199
2374,213.1955
2375,113.9335
2376,248.9005
2377,183.5495
2378,182.00385277777778
2379,32.5497
2380,272.7075
2381,1.8834666666666664
2382,201.1005
2383,5.243875000000001
2384,504.58612500000004
2385,42.102291666666666
2386,444.24583333333334
2387,113.8605
2388,195.029
2389,30.115
2390,2.262
2391,108.499
2392,16.169
2393,5.690099999999999
2394,140.3645
2395,97.3695
2396,437.508
2397,25.105
2398,154.649
2399,321.0285
2400,31.399
2401,378.691
2402,183.228
2403,364.275
2404,53.5285
2405,6.2569
2406,27.698
2407,37.64125000000001
2408,15.48
2409,12.0515
2410,190.2525
2411,471.236
2412,65.22581666666666
2413,9.61
2414,99.583
2415,173.243
2416,5.25475
2417,92.6575
2418,267.9325
2419,68.789
2420,44.465
2421,158.2845
2422,402.161
2423,102.15791666666665
2424,36.415
2425,276.0695
2426,167.923
2427,170.5645
2428,23.849
2429,29.5135
2430,40.9425
2431,601.8215833333334
2432,531.369
2433,79.11811666666665
2434,143.506
2435,96.913675
2436,43.979
2437,171.3155
2438,184.156
2439,644.9455
2440,65.3155
2441,114.8645
2442,70.6525
2443,775.671
2444,142.642
2445,496.7772333333334
2446,108.81325833333334
2447,148.6975
2448,66.9345
2449,371.278
2450,63.9415
2451,59.4175
2452,110.901
2453,7.6128559523809525
2454,128.0885
2455,41.7715
2456,40.1145
2457,100.278
2458,235.983
2459,141.32
2460,140.6285
2461,195.3995
2462,74.2195
2463,65.9118
2464,400.6795
2465,61.0805
2466,411.247
2467,220.45
2468,471.129
2469,85.11255
2470,1.8782
2471,137.115
2472,52.555
2473,179.0305
2474,104.1085
2475,357.2
2476,334.3905
2477,395.779
2478,178.4795
2479,90.16555535714288
2480,156.45
2481,233.352
2482,23.654
2483,835.7505
2484,377.696
2485,66.802
2486,180.354
2487,21.821
2488,174.9715
2489,490.769
2490,152.6295
2491,11.9955
2492,143.3
2493,66.6995
2494,245.3885
2495,277.742
2496,5.329
2497,23.539366666666666
2498,229.91126666666668
2499,47.7647
2500,16.159
2501,16.3305
2502,25.9255
2503,128.9595
2504,20.374
2505,308.335
2506,37.606
2507,358.283
2508,293.117
2509,33.8905
2510,246.5825
2511,353.913
2512,387.8855
2513,239.9305
2514,97.118
2515,405.4895
2516,122.741
2517,37.3755
2518,254.47863690476186
2519,556.369
2520,97.0605
2521,13.115708333333332
2522,112.1585
2523,260.0547666666667
2524,433.73625
2525,4.626916666666667
2526,175.5415
2527,74.58325000000002
2528,160.7495
2529,511.1815
2530,11.228625
2531,134.6595
2532,43.779
2533,125.9675
2534,430.1795
2535,366.908
2536,39.717
2537,172.7695
2538,255.7405
2539,93.0245
2540,135.705
2541,192.791
2542,161.56233333333333
2543,166.784
2544,55.26
2545,30.2105
2546,392.662
2547,505.264
2548,28.783
2549,449.438
2550,139.35403333333335
2551,27.1705
2552,162.117
2553,489.66091666666665
2554,190.5285
2555,86.8555
2556,148.17875
2557,22.239
2558,2.3815
2559,8.13375
2560,788.3595
2561,218.0482
2562,57.462
2563,96.3975
2564,144.14842499999997
2565,330.5125
2566,337.0305
2567,256.6915
2568,330.0524285714286
2569,259.178
2570,121.064
2571,138.448
2572,355.108
2573,87.9325
2574,172.03796428571428
2575,117.054
2576,83.3355
2577,5.769208333333333
2578,360.9115
2579,48.8375
2580,212.7345
2581,651.489
2582,2.66
2583,94.576
2584,6.5035
2585,31.681
2586,399.26481547619056
2587,114.66405
2588,245.1565
2589,101.70883333333333
2590,29.393
2591,208.907
2592,6.5485
2593,35.52
2594,334.252
2595,191.3415
2596,56.6825
2597,105.81410000000001
2598,29.4875
2599,84.214
2600,238.426
2601,26.0805
2602,208.23041666666668
2603,7.578057142857143
2604,204.531
2605,515.0321666666667
2606,193.101
2607,231.6975
2608,103.2525
2609,393.3885
2610,215.0885
2611,24.4605
2612,375.1745
2613,99.7785
2614,152.822
2615,4.3935
2616,65.5085
2617,299.4465
2618,384.868
2619,52.0945
2620,585.146
2621,535.4525
2622,309.6395
2623,654.56
2624,39.46783333333333
2625,406.04875
2626,204.795
2627,121.68675
2628,598.354
2629,458.923
2630,127.2585
2631,118.7145
2632,56.209
2633,81.0535
2634,20.764
2635,10.504
2636,545.262875
2637,21.185
2638,20.186666666666667
2639,5.57325
2640,78.7665
2641,205.951
2642,278.7113333333333
2643,507.946
2644,104.8075
2645,198.4375
2646,229.6855
2647,15.977
2648,62.805
2649,110.414
2650,136.7475
2651,541.931
2652,345.774
2653,118.655
2654,122.12010000000001
2655,11.576
2656,237.427
2657,232.674
2658,153.5235
2659,199.4065
2660,5.6865
2661,224.266
2662,147.07875
2663,151.597
2664,113.20022023809523
2665,745.365
2666,115.241
2667,142.7135
2668,16.225
2669,60.09425
2670,32.997
2671,100.177
2672,379.1215
2673,350.95875
2674,54.614
2675,10.517483333333333
2676,324.7383333333333
2677,228.887
2678,11.9595
2679,155.1805
2680,107.6555
2681,20.566833333333335
2682,5.671166666666666
2683,297.503
2684,7.6665125
2685,215.532
2686,9.2995
2687,330.914875
2688,450.999
2689,80.9795
2690,153.853
2691,128.6375
2692,287.4495
2693,187.087
2694,422.647
2695,32.0665
2696,391.541
2697,279.16979999999995
2698,172.5575
2699,337.58560714285716
2700,119.224
2701,435.86733333333336
2702,300.37975
2703,75.4875
2704,7.1315
2705,10.482
2706,15.299
2707,18.119
2708,352.249
2709,164.339
2710,175.2605
2711,58.559
2712,228.3985
2713,192.18861666666666
2714,350.8095
2715,552.1086750000001
2716,261.10325
2717,10.746085714285714
2718,239.668
2719,80.512
2720,48.661
2721,5.0815
2722,117.3835
2723,239.446
2724,277.2575
2725,361.574
2726,41.51197142857143
2727,205.894
2728,212.393
2729,12.836200000000002
2730,57.2525
2731,14.705208333333331
2732,222.647
2733,10.2475
2734,9.458
2735,259.4495
2736,775.596
2737,217.623
2738,174.3345
2739,218.399
2740,5.150341666666666
2741,145.9995
2742,208.92641666666665
2743,49.9925
2744,228.53545833333334
2745,392.261
2746,5.292783333333333
2747,339.5976952380952
2748,52.5705
2749,433.4205
2750,377.7375
2751,4.2645
2752,534.069
2753,23.959
2754,282.552375
2755,256.692
2756,334.684
2757,186.6215
2758,82.4655
2759,79.417
2760,292.2755
2761,642.467
2762,4.116
2763,29.1745
2764,314.5171666666667
2765,713.303
2766,125.48496428571428
2767,347.957
2768,28.764
2769,286.2407500000001
2770,276.272
2771,69.08494999999999
2772,711.6665
2773,324.92475
2774,226.43933333333334
2775,1.5679
2776,154.8555
2777,237.7585
2778,196.4555
2779,147.0095
2780,52.342
2781,696.015
2782,333.72575
2783,68.831
2784,168.6135
2785,310.073
2786,56.1985
2787,373.2026666666667
2788,103.417
2789,77.1152
2790,115.58242857142858
2791,236.7975
2792,224.4355
2793,116.1865
2794,240.2005
2795,537.2055
2796,432.32866666666666
2797,256.7625
2798,411.213875
2799,113.8785
2800,131.55693333333335
2801,223.428
2802,480.486825
2803,66.993
2804,357.9365
2805,354.953
2806,187.087
2807,531.472
2808,7.456483333333334
2809,69.356
2810,29.09775
2811,528.4245
2812,397.36869285714283
2813,306.142
2814,8.58
2815,132.3175
2816,16.4595
2817,633.6165
2818,2.449
2819,288.2615
2820,44.774
2821,13.101
2822,194.2595
2823,357.0095
2824,165.7105
2825,188.9415
2826,14.946
2827,63.1175
2828,214.798
2829,24.578666666666667
2830,43.9475
2831,41.276
2832,596.634
2833,95.137
2834,284.1173666666666
2835,137.3855
2836,13.89875
2837,463.187125
2838,35.2165
2839,9.832933333333335
2840,271.5715
2841,805.38275
2842,250.9215
2843,4.2525
2844,80.043
2845,9.62095
2846,247.064
2847,45.98191488095241
2848,144.163
2849,59.0305
2850,116.0345
2851,248.737
2852,31.3955
2853,332.288
2854,190.54066666666668
2855,167.764
2856,553.043
2857,4.333509523809524
2858,171.5105
2859,21.09853333333334
2860,793.854
2861,381.5104666666666
2862,40.431
2863,203.42316666666665
2864,350.567
2865,64.9165
2866,170.9905
2867,75.9985
2868,237.41825
2869,234.2005
2870,23.4295
2871,168.154775
2872,13.0965
2873,237.2945
2874,905.7345
2875,6.8505
2876,120.5875
2877,24.5445
2878,192.4245
2879,17.122
2880,151.6845
2881,829.8496333333334
2882,209.6045
2883,29.97
2884,320.5285
2885,64.6705
2886,177.5635
2887,58.85975
2888,4.2425
2889,143.229625
2890,92.395
2891,13.23
2892,174.98
2893,18.3405
2894,181.40041666666667
2895,77.716
2896,662.2265
2897,227.1315
2898,165.058
2899,7.7385
2900,18.566
2901,43.7555
2902,254.48575
2903,116.5025
2904,313.1475
2905,539.274
2906,211.233
2907,26.0285
2908,427.4245
2909,322.5545
2910,25.296071428571427
2911,100.4275
2912,184.563
2913,106.7471
2914,38.6375
2915,12.808441666666665
2916,38.9775
2917,117.343
2918,5.769
2919,172.2885
2920,141.27265
2921,140.2075
2922,77.287
2923,433.121
2924,110.1535
2925,417.0545
2926,28.969
2927,274.1665
2928,63.4505
2929,331.0345
2930,86.3355
2931,118.0615
2932,423.98
2933,237.4775
2934,18.6905
2935,112.178
2936,72.821875
2937,118.895
2938,46.9205
2939,146.5855
2940,8.442
2941,149.9905
2942,407.0565
2943,227.3885
2944,316.123
2945,713.4525
2946,242.223
2947,51.9815
2948,209.1035
2949,284.53
2950,14.326
2951,365.1475
2952,24.447
2953,437.82125
2954,193.906
2955,471.257
2956,42.3855
2957,106.1285
2958,3.5825
2959,247.7775
2960,315.65365
2961,264.565
2962,528.6260500000001
2963,160.598625
2964,15.3265
2965,3.188266666666667
2966,2.0805
2967,210.922
2968,10.1965
2969,109.52525
2970,122.6535
2971,70.1825
2972,149.702
2973,307.0015
2974,723.437
2975,62.06
2976,174.9795
2977,289.49789285714286
2978,390.0285
2979,417.4215
2980,162.982
2981,326.676
2982,307.5625
2983,365.245
2984,9.152
2985,150.31075
2986,247.187
2987,174.19
2988,773.9185
2989,438.7925
2990,194.57908333333333
2991,450.8065
2992,337.7475
2993,71.7536
2994,508.5525
2995,7.050733333333333
2996,36.28925
2997,237.44041666666666
2998,314.90934999999996
2999,476.233
3000,305.545
3001,191.842
3002,222.28583333333333
3003,188.9765
3004,64.68991666666666
3005,54.8345
3006,8.580833333333333
3007,68.7165
3008,27.58
3009,630.9246
3010,216.5425
3011,284.45646666666664
3012,88.0545
3013,91.2565
3014,304.197
3015,164.165
3016,250.5695
3017,8.56
3018,117.4115
3019,102.67
3020,359.88
3021,20.2945
3022,290.3905
3023,159.4495
3024,219.0955
3025,5.23705
3026,19.319
3027,238.931
3028,111.3435
3029,128.12
3030,209.507
3031,213.9595
3032,40.2425
3033,240.629
3034,117.236
3035,250.5515
3036,11.6915
3037,30.683
3038,265.4685
3039,10.102041666666667
3040,84.94
3041,32.6245
3042,5.77325
3043,39.0945
3044,59.139
3045,114.84925
3046,18.092
3047,2.3095
3048,144.529
3049,547.508
3050,324.676
3051,114.4955
3052,882.2671
3053,70.90558333333334
3054,183.4545
3055,60.88303333333332
3056,180.14788095238092
3057,1.6125333333333336
3058,18.3195
3059,249.1615
3060,856.7312666666667
3061,375.572475
3062,182.1135
3063,16.497
3064,467.8035
3065,281.89925
3066,391.9239107142858
3067,361.2365178571428
3068,424.2405
3069,306.771
3070,2.8105
3071,404.3795
3072,14.326
3073,343.95675
3074,443.52
3075,95.295125
3076,148.925
3077,289.879
3078,421.9525
3079,199.09616666666668
3080,1.623
3081,27.8335
3082,223.333
3083,668.66
3084,7.4095
3085,122.3465
3086,62.484
3087,726.0535
3088,4.150666666666666
3089,219.304
3090,554.337
3091,27.3815
3092,107.37
3093,317.875
3094,106.7405
3095,113.04180000000001
3096,493.48
3097,254.365
3098,189.558
3099,50.241
3100,68.8495
3101,173.066
3102,21.4365
3103,164.068
3104,139.8125
3105,108.006
3106,146.42
3107,103.3645
3108,7.394
3109,8.972
3110,181.2885
3111,247.205
3112,105.5595
3113,531.248
3114,123.8395
3115,110.12
3116,588.0185
3117,5.348
3118,8.9625
3119,135.691
3120,206.23300833333334
3121,6.2855
3122,21.437
3123,266.4405
3124,135.494
3125,735.922
3126,755.2765
3127,86.246
3128,282.1055
3129,137.545
3130,116.49945
3131,267.6325
3132,63.6595
3133,95.7685
3134,17.184
3135,288.3555
3136,2.2735
3137,325.999
3138,30.9465
3139,598.3436190476192
3140,33.4675
3141,223.348
3142,552.5405
3143,153.52646666666666
3144,310.0585
3145,211.8455
3146,131.1655
3147,217.5315
3148,65.6245
3149,556.7221166666667
3150,226.3995
3151,74.132
3152,328.65350000000007
3153,180.7755
3154,258.5046166666666
3155,47.6025
3156,107.4805
3157,126.022
3158,130.0175
3159,19.631
3160,445.878
3161,168.935
3162,149.497
3163,327.332
3164,30.6755
3165,110.5707
3166,345.397
3167,3.134
3168,12.365
3169,108.03866666666666
3170,66.095
3171,210.5705
3172,67.4095
3173,245.443
3174,52.918
3175,605.6965
3176,4.2955
3177,40.1745
3178,5.860625
3179,49.098
3180,13.643208333333334
3181,287.762
3182,396.9925
3183,198.1115
3184,202.346
3185,163.165
3186,69.8095
3187,328.6555
3188,492.9885
3189,16.6595
3190,72.12066666666666
3191,72.1925
3192,30.06861666666667
3193,283.2115
3194,288.67
3195,3.5555
3196,184.468
3197,179.074
3198,30.77236904761905
3199,309.6815
3200,136.077
3201,37.5485
3202,38.6155
3203,447.63884404761905
3204,20.2275
3205,169.9795
3206,121.8265
3207,32.604
3208,91.8615
3209,216.478
3210,253.003
3211,221.34883333333337
3212,2.45
3213,65.2225
3214,16.7705
3215,137.664
3216,211.0015
3217,30.764499999999995
3218,16.9415
3219,83.7695
3220,299.2365
3221,438.9425
3222,6.9595
3223,52.414380952380945
3224,201.8965
3225,125.667
3226,54.063
3227,56.9792
3228,12.8505
3229,67.9085
3230,62.648
3231,13.1055
3232,168.315
3233,169.835
3234,189.221
3235,23.8835
3236,116.7475
3237,94.2205
3238,174.98
3239,80.068
3240,7.1535
3241,102.2365
3242,6.10645
3243,178.6225
3244,229.119
3245,113.40242857142859
3246,246.128
3247,499.4455
3248,206.2105
3249,567.8935
3250,79.716
3251,95.0935
3252,218.3175
3253,736.9305
3254,34.5915619047619
3255,10.915
3256,85.14516666666667
3257,381.75
3258,235.4605
3259,374.632975
3260,333.211
3261,68.616
3262,249.452
3263,336.3085
3264,102.0815
3265,15.0845
3266,89.118
3267,149.028
3268,5.7875
3269,622.505
3270,1.242
3271,31.94
3272,326.390125
3273,81.754
3274,79.334
3275,353.4705
3276,141.2215
3277,189.348
3278,102.8475
3279,11.2575
3280,136.83
3281,16.37429761904762
3282,197.812
3283,127.8735
3284,68.479
3285,13.2805
3286,89.0375
3287,38.931
3288,11.367083333333333
3289,168.9925
3290,291.793
3291,86.16
3292,163.509
3293,138.7595
3294,374.6715
3295,275.876
3296,513.6875
3297,439.95025
3298,184.48
3299,397.525375
3300,182.712
3301,130.9825
3302,195.73375
3303,8.9635
3304,452.4235
3305,300.806375
3306,47.392
3307,201.099
3308,262.6865
3309,104.5295
3310,205.7285
3311,169.402
3312,5.696583333333334
3313,236.25185000000002
3314,125.574
3315,175.60766666666666
3316,368.697
3317,92.5505
3318,24.247
3319,157.7035
3320,4.937
3321,509.084
3322,137.3776666666667
3323,97.166
3324,144.3875
3325,799.3495
3326,94.6705
3327,6.6565
3328,18.1905
3329,9.048699999999998
3330,110.2605
3331,142.9825
3332,5.8255
3333,70.11410000000001
3334,124.5035
3335,352.8881666666666
3336,458.894
3337,98.546
3338,5.978899999999999
3339,24.995
3340,82.337
3341,106.288
3342,110.127
3343,47.078
3344,2.195
3345,9.4815
3346,60.254
3347,37.271166666666666
3348,418.266
3349,700.8405
3350,77.988
3351,88.11214583333332
3352,244.2123333333333
3353,177.517
3354,402.051
3355,23.913367857142852
3356,195.265
3357,4.513666666666667
3358,699.6325
3359,197.843
3360,6.637175
3361,185.615
3362,98.4885
3363,75.46569464285717
3364,239.119
3365,52.038
3366,373.63181666666674
3367,207.63925
3368,166.6755
3369,183.44592500000002
3370,241.223
3371,370.1241166666667
3372,98.501
3373,185.3825
3374,710.426
3375,117.515
3376,1.919
3377,8.3535
3378,136.302
3379,311.8205
3380,5.30875
3381,124.2005
3382,196.518
3383,126.427
3384,102.9675
3385,433.438
3386,15.325
3387,118.31065892857146
3388,92.851
3389,771.441
3390,6.6005
3391,494.6875
3392,317.1215
3393,203.3545
3394,79.0675
3395,3.7115
3396,179.16
3397,612.8162428571427
3398,36.4985
3399,350.5815
3400,196.09875
3401,219.985
3402,309.8018392857143
3403,285.9135
3404,441.95166666666665
3405,246.0617
3406,47.0785
3407,9.8595
3408,40.1665
3409,55.407
3410,428.7815
3411,207.2165
3412,12.2295
3413,58.703
3414,74.74675
3415,157.3865
3416,849.0365
3417,257.777
3418,326.378
3419,570.634
3420,4.818
3421,35.454
3422,7.1812
3423,293.7865
3424,193.171375
3425,224.4615
3426,157.7885
3427,16.059
3428,8.42
3429,208.8205
3430,131.2695
3431,505.7481666666667
3432,5.56
3433,137.9895
3434,5.3545
3435,350.7836
3436,93.1655
3437,4.5615
3438,436.1685
3439,201.212
3440,98.082
3441,197.0345
3442,152.745
3443,503.8105
3444,3.598
3445,250.7095
3446,45.17051666666667
3447,119.2895
3448,222.7165
3449,353.497
3450,175.0665
3451,126.2895
3452,189.7646
3453,28.9275
3454,80.4665
3455,234.73831666666666
3456,54.1995
3457,314.004
3458,323.237
3459,74.9875
3460,185.39457142857142
3461,49.71891071428571
3462,319.391
3463,259.843
3464,377.49699999999996
3465,114.171
3466,23.08741666666667
3467,39.2465
3468,196.14329999999998
3469,91.0995
3470,219.1805
3471,5.3825
3472,642.467
3473,126.393
3474,162.29825
3475,152.6785
3476,5.6435
3477,40.0205
3478,162.22525
3479,330.929125
3480,239.149
3481,10.6565
3482,4.1855
3483,348.2295
3484,269.405
3485,187.941
3486,42.56675
3487,149.8265
3488,523.7975
3489,18.368346428571428
3490,319.96525
3491,48.316
3492,12.916066666666666
3493,23.8385
3494,5.4735
3495,78.346
3496,47.5915
3497,19.4185
3498,7.342
3499,190.34
3500,378.1565
3501,191.19
3502,76.09316666666668
3503,213.6915
3504,369.2285
3505,101.17275
3506,386.701
3507,39.4525
3508,207.29
3509,187.892
3510,4.4925428571428565
3511,80.662
3512,27.134666666666668
3513,233.627
3514,80.112
3515,7.378
3516,216.1785
3517,361.6755
3518,142.5915
3519,44.8
3520,536.686
3521,63.572
3522,641.226
3523,24.817
3524,173.7235
3525,392.037
3526,310.4085
3527,213.8775
3528,7.391933333333332
3529,28.966
3530,262.2145
3531,136.385
3532,298.193
3533,222.9045
3534,93.8065
3535,248.94
3536,217.026
3537,225.42035
3538,364.586
3539,7.457419642857143
3540,538.9755
3541,11.457
3542,111.96412499999998
3543,256.833
3544,46.002
3545,10.3735
3546,110.9512
3547,946.2656666666666
3548,6.4465
3549,7.4305
3550,19.834
3551,645.369
3552,21.58786666666667
3553,24.681
3554,379.236
3555,7.51675
3556,188.3395
3557,114.762
3558,10.4945
3559,439.4315
3560,23.7065
3561,192.841
3562,77.9595
3563,493.24465
3564,592.3541
3565,18.1085
3566,248.661
3567,441.269
3568,250.471
3569,24.9205
3570,312.98973333333333
3571,267.8995
3572,173.10825
3573,615.06
3574,318.4575
3575,12.0202
3576,4.2135
3577,172.6075
3578,334.2315
3579,362.99305
3580,222.9885
3581,255.4985
3582,295.163
3583,11.2665
3584,726.6015
3585,115.581125
3586,24.7565
3587,8.4075
3588,50.688
3589,75.5555
3590,13.4966
3591,11.8785
3592,3.6578000000000004
3593,236.762
3594,36.9215
3595,179.878
3596,13.73
3597,140.1575
3598,86.8155
3599,239.599
3600,378.08502500000003
3601,410.07
3602,250.263625
3603,163.4995
3604,40.54
3605,192.853
3606,130.2215
3607,430.0775
3608,81.90710714285713
3609,21.709
3610,912.6855833333335
3611,350.056
3612,89.2065
3613,107.666
3614,176.2305
3615,479.084
3616,428.049
3617,198.20508333333333
3618,16.372
3619,14.6735
3620,192.7045
3621,400.4145
3622,3.795
3623,12.4575
3624,55.22975
3625,219.631
3626,149.8015
3627,154.662
3628,88.119
3629,147.308
3630,19.56725
3631,190.8505
3632,356.6235
3633,50.781
3634,16.087245238095235
3635,636.8845
3636,123.1275
3637,44.3825
3638,79.6685
3639,55.37625
3640,147.8675
3641,60.9595
3642,237.23305000000005
3643,200.19264285714286
3644,202.175
3645,582.652
3646,172.5555
3647,146.871
3648,284.30457023809527
3649,427.818
3650,210.755875
3651,82.1855
3652,3.4745
3653,120.9965
3654,55.335
3655,169.292
3656,5.5515
3657,6.2885
3658,173.3455
3659,2.369
3660,439.698
3661,43.1835
3662,2.454166666666667
3663,86.7875
3664,355.3585
3665,20.06035079365078
3666,268.804
3667,61.51646666666666
3668,47.0285
3669,365.036
3670,306.592
3671,99.504
3672,9.345
3673,1.8933499999999999
3674,162.3935
3675,7.406358333333333
3676,246.692
3677,33.689
3678,11.412
3679,46.8335
3680,20.53
3681,159.1695
3682,3.766666666666667
3683,287.3315083333334
3684,38.1925
3685,184.6
3686,58.5735
3687,220.1955
3688,56.915
3689,136.90025
3690,24.311
3691,207.9475
3692,92.379
3693,681.8465
3694,229.5845
3695,188.496
3696,305.549
3697,261.6225
3698,541.6615
3699,33.9045
3700,12.865
3701,30.495
3702,420.9555
3703,44.2065
3704,436.164
3705,12.876
3706,82.817
3707,645.7648250000001
3708,30.153
3709,9.2215
3710,15.965
3711,293.6215
3712,6.192044642857141
3713,557.0375
3714,304.3075
3715,372.3159166666667
3716,39.9785
3717,112.813
3718,125.893
3719,7.498500000000001
3720,165.356
3721,175.8025
3722,487.5255
3723,262.0665
3724,195.925
3725,253.661
3726,59.38091666666666
3727,537.2495
3728,163.1315
3729,121.195
3730,272.815
3731,14.997
3732,386.3045
3733,266.1091666666666
3734,69.7975
3735,644.136
3736,32.159
3737,167.59575
3738,645.7215
3739,55.882
3740,137.1145
3741,99.902
3742,10.766
3743,114.367
3744,110.11280000000001
3745,417.4616999999999
3746,289.877125
3747,94.3815
3748,56.718
3749,150.118
3750,103.6425
3751,44.0215
3752,26.1985
3753,149.8275
3754,13.157
3755,162.18175
3756,294.9395
3757,71.814
3758,600.516
3759,226.575
3760,67.1035
3761,274.668
3762,98.249
3763,41.1765
3764,533.1645
3765,75.088
3766,33.8450375
3767,51.2775
3768,192.235
3769,234.2285
3770,322.0725
3771,33.9455
3772,10.417
3773,11.802
3774,33.9175
3775,88.141
3776,18.8235
3777,2.2225
3778,341.9536666666666
3779,187.3465
3780,5.443
3781,541.9784000000001
3782,191.562
3783,314.4815
3784,98.25534166666665
3785,307.938
3786,410.5205
3787,6.837125
3788,532.481
3789,156.3745
3790,84.465
3791,293.499
3792,411.2008333333333
3793,320.357
3794,57.513
3795,52.28583333333333
3796,18.7405
3797,2.9001095238095234
3798,458.3795
3799,387.4616
3800,86.52908333333333
3801,227.0445
3802,118.9175
3803,151.472
3804,25.0645
3805,296.9955
3806,195.705
3807,323.5585
3808,555.875
3809,35.786
3810,323.791
3811,138.6835
3812,191.9945
3813,15.553
3814,5.692
3815,158.101
3816,81.70145833333335
3817,18.024
3818,15.8895
3819,73.901
3820,179.4216
3821,176.052
3822,184.4265
3823,310.829
3824,159.265
3825,118.9295
3826,418.36311071428577
3827,284.538
3828,559.32
3829,283.998
3830,7.327978571428572
3831,117.583
3832,319.23
3833,214.69425
3834,131.3845
3835,10.585
3836,234.1005
3837,72.244
3838,794.311
3839,75.69856666666666
3840,122.7375
3841,111.981
3842,20.6045
3843,188.285
3844,244.246
3845,171.1235
3846,4.791075
3847,110.2605
3848,240.4765
3849,267.8398250000001
3850,322.5179071428572
3851,111.7205
3852,74.7655
3853,69.9315
3854,144.7022916666667
3855,480.261
3856,420.824
3857,8.5255
3858,866.8340666666667
3859,200.3735
3860,143.66355
3861,581.2165
3862,119.5275
3863,927.766
3864,83.849
3865,15.56
3866,180.98675
3867,19.071
3868,401.74985238095223
3869,70.20045
3870,78.875
3871,151.9215
3872,394.0925
3873,114.933
3874,284.92
3875,205.48
3876,23.4595
3877,7.859850000000001
3878,442.7645
3879,384.2931666666667
3880,515.587907142857
3881,7.052
3882,297.357
3883,93.4185
3884,168.0215
3885,4.553
3886,523.1885000000001
3887,116.1905
3888,310.0295
3889,59.7865
3890,260.487
3891,133.7495
3892,161.379875
3893,118.66
3894,68.602
3895,23.714
3896,106.8595
3897,77.5365
3898,182.45425
3899,173.722
3900,160.529
3901,458.622
3902,688.092
3903,236.6195
3904,32.315
3905,402.8705
3906,2.431
3907,59.3
3908,253.0085
3909,9.191386904761904
3910,245.3165
3911,30.035474999999998
3912,74.5755
3913,350.577
3914,644.8946166666667
3915,73.5685
3916,20.006
3917,563.6886666666667
3918,115.7425
3919,53.747150000000005
3920,149.5455
3921,12.488333333333333
3922,191.7085
3923,32.0955
3924,176.0903
3925,191.4165
3926,238.44233333333335
3927,151.94866904761906
3928,325.835
3929,629.498
3930,331.9505
3931,304.602
3932,637.5615
3933,152.538
3934,98.0415
3935,12.862
3936,66.79
3937,198.6345
3938,154.18975
3939,256.704
3940,70.2345
3941,203.05
3942,425.6115
3943,398.2245
3944,329.152
3945,506.672
3946,75.2961875
3947,225.2225
3948,56.102
3949,380.9645
3950,63.322
3951,261.882
3952,7.134333333333333
3953,5.914
3954,4.769000000000001
3955,228.4205
3956,201.0885
3957,163.9755
3958,16.3925
3959,5.79765
3960,187.2825
3961,302.424
3962,124.862
3963,41.2875
3964,22.522
3965,64.8615
3966,678.527
3967,555.901
3968,211.404
3969,35.641
3970,334.125
3971,241.0775
3972,16.1195
3973,727.4955
3974,214.601
3975,134.6975
3976,193.565
3977,534.6885
3978,147.3135
3979,475.4735
3980,171.266
3981,72.0485
3982,147.574
3983,216.3915
3984,165.1925
3985,35.0595
3986,553.0745
3987,54.292
3988,3.64
3989,25.4065
3990,121.901
3991,214.57316666666668
3992,136.864
3993,602.9305
3994,156.9875
3995,596.531
3996,87.812
3997,129.6735
3998,4.5165
3999,38.2665
4000,164.845
4001,368.6295
4002,85.546
4003,49.58925
4004,94.976
4005,874.5076982142856
4006,27.014
4007,120.3105
4008,212.0985
4009,285.195
4010,103.432
4011,243.718
4012,312.3565
4013,188.617
4014,116.0845
4015,156.734375
4016,358.85566666666665
4017,11.9005
4018,114.448
4019,410.7745
4020,229.2575
4021,15.8555
4022,51.7655
4023,265.5723333333333
4024,207.901
4025,141.94333333333336
4026,124.946
4027,247.3225
4028,103.15216071428576
4029,353.427925
4030,63.251
4031,474.308
4032,25.455671428571428
4033,317.106
4034,369.6715
4035,9.071
4036,694.3895
4037,249.156
4038,270.513
4039,47.625
4040,316.15325
4041,138.27625
4042,67.8945
4043,339.1955
4044,135.7665
4045,44.7065
4046,289.963
4047,563.5715
4048,23.6802
4049,44.987
4050,303.162
4051,226.3735
4052,455.084
4053,22.0235
4054,372.3565
4055,206.2805
4056,185.272
4057,30.8085
4058,147.329
4059,107.91625
4060,127.0775
4061,25.0638
4062,259.994625
4063,260.4965
4064,46.829
4065,182.9055
4066,408.191
4067,258.481
4068,384.75660833333336
4069,53.196
4070,736.5695
4071,277.06754166666667
4072,95.8395
4073,347.4045
4074,101.032
4075,241.77295
4076,256.5125
4077,405.91980000000007
4078,649.378
4079,434.6795
4080,225.118
4081,392.895625
4082,119.647
4083,32.5225
4084,1.2923666666666669
4085,61.495
4086,31.1105
4087,10.171
4088,14.0495
4089,389.7315
4090,787.7215
4091,512.3225
4092,41.445
4093,94.573
4094,435.1025
4095,307.52
4096,233.45966666666666
4097,7.2815
4098,166.4365
4099,709.1885
4100,507.999
4101,192.99
4102,191.2995
4103,97.203
4104,17.618
4105,422.7865
4106,4.881399999999999
4107,6.783125000000002
4108,16.308
4109,384.5375
4110,722.0698000000001
4111,105.459
4112,9.953476190476191
4113,27.0995
4114,213.002
4115,2.8325
4116,364.10783333333325
4117,64.4925
4118,377.0025
4119,97.7185
4120,113.432
4121,331.8305
4122,258.106
4123,335.5925
4124,173.14170833333333
4125,177.728
4126,4.016
4127,229.8455
4128,29.226
4129,370.8825
4130,7.99775
4131,155.4445
4132,79.516
4133,519.964
4134,42.683
4135,217.457
4136,209.3025
4137,46.6475
4138,14.948541666666667
4139,121.4335
4140,64.85
4141,103.8595
4142,88.5607
4143,337.412
4144,204.0633333333333
4145,5.8773
4146,24.4675
4147,191.123
4148,464.05913928571425
4149,214.577
4150,181.92
4151,71.4495
4152,61.869
4153,509.897
4154,552.134
4155,160.44958333333335
4156,217.8285
4157,27.268
4158,74.394875
4159,7.15225
4160,662.1355
4161,15.2105
4162,306.2465
4163,198.4625
4164,353.547
4165,11.4105
4166,167.3645
4167,392.8985
4168,194.2135
4169,191.318
4170,224.455
4171,158.350775
4172,504.1575
4173,21.917825
4174,398.1764583333333
4175,22.5555
4176,756.5945
4177,382.276
4178,45.385
4179,16.3163
4180,288.8005
4181,243.991
4182,14.376
4183,125.986
4184,61.476
4185,13.043666666666669
4186,136.5925
4187,417.99666666666667
4188,448.716
4189,322.949625
4190,241.252
4191,336.168
4192,3.7239166666666668
4193,100.0065
4194,165.2635
4195,130.678
4196,15.9495
4197,255.906
4198,75.5915
4199,144.5245
4200,51.2965
4201,3.406
4202,306.129
4203,153.636
4204,291.3930285714286
4205,241.491
4206,4.1784
4207,321.2035
4208,35.621
4209,53.717
4210,199.6365
4211,125.677
4212,17.1845
4213,112.721
4214,113.4345
4215,5.409
4216,435.375
4217,207.3965
4218,19.4975
4219,220.45
4220,402.97058154761925
4221,392.937
4222,89.737
4223,117.023
4224,331.5016
4225,89.878
4226,59.558
4227,111.4945
4228,117.1330386904762
4229,35.6705
4230,4.2145
4231,49.3095
4232,239.029
4233,6.082
4234,345.19892261904744
4235,225.8586666666667
4236,39.9095
4237,19.8225
4238,165.075
4239,173.046
4240,71.6865
4241,59.614
4242,4.2345
4243,100.832
4244,444.6245
4245,53.257
4246,175.2955
4247,186.453
4248,50.1865
4249,38.9015
4250,5.3795
4251,68.074725
4252,182.35758333333334
4253,167.341
4254,332.33696666666657
4255,7.7653
4256,141.3355
4257,552.86425
4258,287.515
4259,365.5462666666668
4260,136.44
4261,321.85206666666664
4262,24.669
4263,10.624
4264,440.5035
4265,91.735
4266,320.04749999999996
4267,17.673166666666663
4268,73.294
4269,274.179
4270,31.5045
4271,46.607
4272,57.8525
4273,682.7515
4274,85.04541666666664
4275,158.0175
4276,51.2005
4277,313.914
4278,5.1115
4279,100.5522
4280,347.9135
4281,180.0615
4282,36.2575
4283,13.828
4284,102.8855
4285,4.2325
4286,318.3415
4287,425.663
4288,19.557
4289,149.40033333333338
4290,19.311058333333335
4291,537.9005
4292,468.0595
4293,216.56279999999998
4294,415.71075
4295,542.8285
4296,108.006
4297,18.2485
4298,13.871
4299,246.357
4300,306.4299928571428
4301,382.545
4302,54.5345
4303,31.3915
4304,142.3165
4305,493.656
4306,9.744
4307,5.25
4308,89.7355
4309,279.7145
4310,162.54458333333332
4311,196.21776666666668
4312,597.945
4313,400.255
4314,116.621
4315,20.0315
4316,704.18
4317,73.574
4318,256.1725
4319,3.968
4320,133.67554166666667
4321,320.517
4322,87.054
4323,7.1945
4324,7.3475
4325,103.673
4326,29.8475
4327,518.45875
4328,15.956800000000001
4329,20.7185
4330,484.768
4331,75.3365
4332,341.7155
4333,2.653466666666666
4334,93.261
4335,45.11712857142858
4336,51.94
4337,131.1425
4338,524.799
4339,584.3955
4340,229.653
4341,38.37290000000001
4342,497.4105
4343,8.9185
4344,62.879083333333334
4345,36.182
4346,679.081
4347,227.2145
4348,207.55
4349,57.33925
4350,108.7735
4351,471.1571333333333
4352,7.947
4353,294.1895
4354,107.903
4355,116.097
4356,49.5645
4357,325.5585
4358,5.114
4359,349.4023892857143
4360,130.4625
4361,130.062
4362,270.312
4363,9.3995
4364,4.9005
4365,135.0995
4366,164.88156666666669
4367,34.6365
4368,15.057666666666668
4369,361.0615
4370,658.724
4371,335.792
4372,273.4665
4373,97.183
4374,86.1815
4375,4.2755
4376,62.34291666666667
4377,127.0805
4378,18.2305
4379,90.874
4380,261.33281785714286
4381,79.398
4382,165.917
4383,315.899
4384,153.3025
4385,315.6788333333334
4386,122.447
4387,185.56055
4388,78.596
4389,21.704
4390,292.53075
4391,338.454
4392,6.509833333333334
4393,167.46168333333335
4394,32.9625
4395,5.21975
4396,206.9685
4397,2.451
4398,53.2055
4399,55.192
4400,263.5355
4401,180.098
4402,465.74
4403,25.031166666666667
4404,171.412
4405,6.629323809523812
4406,36.97933333333333
4407,115.754
4408,117.3095
4409,233.53
4410,253.508
4411,323.334625
4412,84.6035
4413,88.801
4414,11.1795
4415,122.708
4416,105.6065
4417,714.041
4418,134.768
4419,185.881
4420,277.195
4421,784.7015
4422,71.989
4423,599.1310773809524
4424,355.619
4425,4.5035
4426,24.059
4427,6.513
4428,105.883
4429,217.2885
4430,149.3185
4431,697.1225
4432,41.579
4433,59.4005
4434,530.2125
4435,85.314375
4436,4.91905
4437,111.4855
4438,216.7565
4439,3.624
4440,288.8205
4441,191.81638333333333
4442,336.6211333333334
4443,273.7325
4444,4.800726785714286
4445,387.293
4446,92.4815
4447,183.5805
4448,18.2035
4449,31.3195
4450,168.7465
4451,624.5115
4452,103.2645
4453,236.083
4454,73.257
4455,510.9295
4456,33.1965
4457,4.329
4458,10.5955
4459,152.06245
4460,285.123
4461,455.895
4462,19.273
4463,37.932885714285696
4464,49.5505
4465,503.212
4466,21.227
4467,197.087
4468,226.7385
4469,39.6835
4470,192.576
4471,195.169
4472,2.663666666666665
4473,8.237641666666667
4474,4.730720238095238
4475,36.0375
4476,325.7565
4477,141.987
4478,101.7435
4479,6.506
4480,17.92
4481,162.594
4482,160.563
4483,361.9339166666666
4484,60.923
4485,7.6135
4486,8.738
4487,253.34958333333336
4488,37.3965
4489,4.47
4490,130.1005
4491,184.71125
4492,12.123208333333334
4493,17.151
4494,145.9195
4495,148.941
4496,112.762
4497,187.29616666666666
4498,5.777127380952382
4499,281.925
4500,270.5245
4501,694.249
4502,261.055
4503,371.32625
4504,202.7625
4505,129.17475
4506,320.2665
4507,5.7465
4508,137.1015
4509,321.2595
4510,427.643
4511,326.11475
4512,262.3985
4513,48.993100000000005
4514,32.3525
4515,284.108
4516,148.305
4517,212.698
4518,194.15725
4519,100.6785
4520,29.65
4521,76.946
4522,182.73
4523,31.2195
4524,249.344
4525,750.908
4526,23.9015
4527,6.942583333333334
4528,502.92
4529,202.504
4530,264.81715
4531,5.845875
4532,77.0585
4533,48.664
4534,119.52
4535,56.014
4536,32.6435
4537,280.233
4538,148.047875
4539,6.341486309523809
4540,19.648
4541,344.867
4542,224.5805
4543,379.584
4544,23.011
4545,500.6245
4546,64.854
4547,111.3005
4548,282.67416190476195
4549,119.6575
4550,80.8155
4551,72.85108333333335
4552,237.396
4553,34.081375
4554,155.5545
4555,140.132
4556,663.5685
4557,334.3265
4558,195.625
4559,4.5055
4560,172.438
4561,7.810099999999999
4562,48.4775
4563,342.032
4564,426.627
4565,135.5855
4566,29.3905
4567,137.743
4568,8.083
4569,20.860329761904758
4570,124.346
4571,128.6525
4572,303.4175
4573,361.74533928571424
4574,230.5935
4575,231.0085
4576,127.355
4577,171.036
4578,420.5555
4579,123.81125
4580,190.6425
4581,382.707
4582,84.157
4583,20.223
4584,515.4705
4585,305.7795
4586,17.7825
4587,97.376
4588,9.699
4589,143.112
4590,23.1375
4591,232.34175
4592,145.5405
4593,6.3035
4594,121.7765
4595,858.1183333333332
4596,239.174
4597,7.455
4598,453.375
4599,101.00125
4600,7.9095
4601,118.2351
4602,273.536
4603,297.432
4604,7.918166666666666
4605,7.632571428571429
4606,129.217
4607,325.6255
4608,307.79303571428574
4609,283.7595
4610,297.285
4611,301.665
4612,370.0085
4613,230.1085
4614,75.381
4615,47.25325
4616,1.906
4617,148.8865
4618,3.3207380952380956
4619,37.0495
4620,77.9725
4621,10.629971428571428
4622,217.1405
4623,6.091
4624,162.0855
4625,50.569
4626,141.943
4627,374.223
4628,5.3345
4629,4.9495
4630,204.4697380952381
4631,239.20175
4632,575.5705
4633,410.693
4634,101.2505
4635,56.669
4636,446.666
4637,502.8586190476192
4638,185.12
4639,36.5385
4640,275.6305
4641,268.87325
4642,16.4985
4643,68.0565
4644,189.6905
4645,102.5215
4646,101.605
4647,790.591
4648,153.08015773809527
4649,248.492
4650,221.0435
4651,428.621
4652,117.64089999999999
4653,196.664
4654,4.0585
4655,121.5985
4656,77.5655
4657,5.43
4658,122.186
4659,374.9155
4660,11.1705
4661,403.37691666666666
4662,4.239333333333334
4663,64.22
4664,187.247
4665,101.0405
4666,337.17972499999996
4667,34.4065
4668,172.006
4669,3.7100238095238094
4670,138.63275
4671,137.8765
4672,195.04
4673,230.993
4674,13.2435
4675,87.1645
4676,20.2565
4677,210.702
4678,7.742475000000001
4679,195.7085
4680,429.686
4681,569.558
4682,616.7745
4683,225.418
4684,166.7435
4685,134.6695
4686,396.44055
4687,166.69
4688,116.803
4689,694.576
4690,7.2264
4691,86.655
4692,291.582
4693,18.659
4694,191.25
4695,135.868
4696,568.3875
4697,105.851
4698,109.346
4699,3.421684523809524
4700,179.0385
4701,70.4235
4702,758.433
4703,210.0965
4704,351.65849999999995
4705,13.1325
4706,804.7875000000001
4707,350.3395
4708,23.48635714285714
4709,231.726
4710,6.853
4711,322.87
4712,221.4935
4713,11.14
4714,91.0705
4715,135.447
4716,45.9255
4717,300.1127
4718,127.7975
4719,113.3375
4720,131.3405
4721,5.7435
4722,36.534
4723,34.2755
4724,3.6066666666666665
4725,330.669
4726,11.788
4727,731.4565
4728,79.175
4729,214.465
4730,756.7505
4731,388.701
4732,114.472
4733,180.762
4734,5.4095249999999995
4735,344.06
4736,272.718
4737,19.6985
4738,93.057
4739,332.321
4740,62.4995
4741,217.9365
4742,31.4675
4743,7.992
4744,38.809
4745,186.2575
4746,230.72
4747,179.8935
4748,11.0995
4749,8.2541
4750,454.733
4751,280.3415
4752,85.3215
4753,145.155
4754,30.29
4755,812.4945
4756,402.9475
4757,158.1375
4758,94.845
4759,4.643725000000001
4760,393.9359833333334
4761,159.3995
4762,425.9065
4763,145.6975
4764,328.8235
4765,19.2315
4766,456.065
4767,50.131
4768,151.951
4769,19.513
4770,155.908
4771,465.11283333333336
4772,333.2105
4773,64.3255
4774,363.2246904761905
4775,7.5465
4776,378.4198833333333
4777,504.4878666666667
4778,436.26875
4779,601.3335
4780,4.9955
4781,21.3225
4782,217.32775
4783,331.9775
4784,260.433
4785,166.8545
4786,118.2145
4787,281.878
4788,8.2865
4789,159.968625
4790,169.9185
4791,208.9445
4792,518.74225
4793,18.0975
4794,130.14059999999998
4795,396.876
4796,128.0995
4797,480.5675
4798,28.91658333333333
4799,125.05865
4800,118.1425
4801,193.20775
4802,23.8345
4803,24.038
4804,189.261
4805,791.7415
4806,76.3795
4807,436.9505
4808,316.044
4809,15.0865
4810,331.0945
4811,254.626
4812,122.557
4813,198.704
4814,219.953
4815,84.0965
4816,265.715
4817,163.351
4818,166.9045
4819,203.5635
4820,220.60825
4821,288.429
4822,475.59425833333336
4823,322.8625
4824,56.9665
4825,477.5545
4826,3.324625
4827,92.141
4828,162.53341666666668
4829,318.059
4830,416.0375
4831,8.861500000000001
4832,28.376
4833,154.5065
4834,80.043
4835,31.636
4836,19.082
4837,12.23
4838,9.949
4839,9.9155
4840,2.044833333333333
4841,83.549
4842,413.9394833333333
4843,71.6235
4844,23.3525
4845,164.129
4846,39.2525
4847,82.812
4848,89.896
4849,528.6075
4850,506.1905
4851,213.9225
4852,234.25314285714288
4853,107.094
4854,852.8138333333334
4855,258.0815
4856,313.25791666666663
4857,279.2855
4858,189.2895
4859,159.0495
4860,12.8565
4861,61.57398333333333
4862,5.7995261904761914
4863,324.0006666666667
4864,49.3585
4865,217.8625
4866,20.0085
4867,295.7905
4868,196.5185
4869,60.0485
4870,499.401
4871,63.111
4872,216.6419285714286
4873,146.851
4874,74.32419999999998
4875,159.7473
4876,78.9465
4877,435.974
4878,5.913
4879,9.02
4880,113.268
4881,11.5622
4882,330.3243
4883,5.3285
4884,15.169375
4885,218.98
4886,78.068
4887,95.49
4888,149.6895
4889,23.615925
4890,107.7567
4891,163.6735
4892,145.1595
4893,73.6395
4894,14.051
4895,126.748
4896,5.736625
4897,188.779
4898,9.976875
4899,142.966
4900,86.404
4901,177.254
4902,120.123
4903,40.15333333333333
4904,174.6495
4905,267.313
4906,235.499
4907,314.2825
4908,159.9745
4909,230.5155
4910,129.35025
4911,8.581816666666665
4912,89.0995
4913,260.5095
4914,307.689
4915,626.1795
4916,64.023
4917,1.7531142857142854
4918,89.6065
4919,300.729
4920,567.132
4921,26.797
4922,146.6975
4923,161.7345
4924,14.935616666666666
4925,396.4465
4926,355.5517702380952
4927,128.1795
4928,344.4715
4929,3.0793333333333335
4930,45.263
4931,48.6375
4932,177.8595
4933,65.7075
4934,41.4195
4935,134.8825
4936,254.2145
4937,210.59
4938,81.8668
4939,256.78
4940,210.47
4941,280.601
4942,5.9435
4943,60.746
4944,243.324
4945,308.8765
4946,170.8005
4947,190.6789
4948,14.4885
4949,5.509566666666667
4950,190.0655
4951,534.2325999999999
4952,59.6395
4953,130.133
4954,22.107
4955,263.9795
4956,146.553
4957,6.8465
4958,78.67060000000001
4959,242.85
4960,799.742
4961,147.458
4962,13.5125
4963,439.4125
4964,184.738
4965,280.174
4966,94.24
4967,176.83684999999997
4968,703.68
4969,273.336
4970,343.2555
4971,78.049
4972,132.979
4973,231.1655
4974,9.749
4975,483.442
4976,115.97
4977,180.8535
4978,519.2495
4979,227.0
4980,18.561
4981,7.132
4982,3.532
4983,55.4125
4984,143.3492083333333
4985,861.72
4986,389.9615
4987,18.7655
4988,51.6665
4989,283.015
4990,124.1388
4991,160.5115
4992,270.803
4993,47.57227857142856
4994,217.688
4995,93.959
4996,30.059
4997,407.6515
4998,304.2285
4999,42.5625
5000,187.681
5001,62.6015
5002,795.495
5003,12.7115
5004,59.305
5005,100.1609
5006,28.51
5007,139.0335
5008,281.197
5009,68.5378
5010,314.4383250000001
5011,72.2465
5012,26.079057142857135
5013,523.2025
5014,56.905
5015,308.0735
5016,18.13713333333333
5017,179.6185
5018,158.01355833333338
5019,151.158
5020,776.9232916666667
5021,188.12375
5022,10.1575
5023,214.907
5024,29.4935
5025,82.562
5026,277.7516416666666
5027,226.1875
5028,8.288724999999998
5029,317.084
5030,176.642
5031,267.964
5032,93.11116666666666
5033,65.811
5034,149.0335
5035,109.747
5036,175.6595
5037,159.892
5038,322.0475
5039,584.6275
5040,162.64458333333332
5041,773.6255
5042,364.823
5043,226.3095
5044,15.105833333333335
5045,531.7615
5046,25.0015
5047,150.4375
5048,18.864
5049,84.39
5050,234.558
5051,102.2045
5052,258.956
5053,70.903
5054,145.9985
5055,106.163
5056,291.94175
5057,174.48
5058,21.449
5059,173.539
5060,302.151
5061,446.004
5062,28.8305
5063,427.5965
5064,270.4855
5065,148.717
5066,360.803
5067,473.5225
5068,270.573
5069,362.916
5070,62.660075
5071,82.6275
5072,55.072
5073,5.6715
5074,831.6591666666667
5075,269.205
5076,80.46130000000001
5077,87.5755
5078,270.509
5079,349.2655
5080,12.257
5081,314.863
5082,191.568
5083,103.336
5084,409.429
5085,63.827
5086,209.4305
5087,316.333
5088,67.9275
5089,343.676
5090,807.0035
5091,88.1655
5092,32.6325
5093,9.607166666666668
5094,47.9835
5095,167.6185
5096,25.145499999999995
5097,255.12
5098,95.105
5099,178.982
5100,79.171
5101,64.995
5102,245.124
5103,193.226
5104,254.5755
5105,29.795
5106,401.4575
5107,27.867
5108,189.4385
5109,87.704
5110,9.402275000000001
5111,343.159
5112,449.6955
5113,491.262
5114,585.9035
5115,180.536
5116,157.08468333333334
5117,10.0305
5118,192.04083333333335
5119,187.2105
5120,131.70420000000001
5121,4.69175
5122,174.02708333333334
5123,157.75
5124,450.625
5125,122.1605
5126,6.4765
5127,184.4
5128,55.419
5129,8.5585
5130,250.921
5131,57.883
5132,325.7245
5133,2.5405
5134,89.8715
5135,25.423
5136,196.2835
5137,406.421
5138,74.5505
5139,138.2183
5140,284.133
5141,103.1785
5142,144.1865
5143,281.491
5144,312.621
5145,98.107
5146,342.608
5147,8.96
5148,157.495
5149,94.066
5150,170.207
5151,127.51
5152,300.255
5153,23.925
5154,48.04725
5155,430.833
5156,41.0335
5157,69.56
5158,303.3325
5159,125.4574
5160,413.6625
5161,92.445
5162,162.8755
5163,7.2555
5164,485.3165
5165,300.791
5166,69.5995
5167,6.1545
5168,186.4405
5169,5.05925
5170,338.1305
5171,28.551
5172,423.5855
5173,118.502
5174,145.96725
5175,630.6987654761906
5176,58.4685
5177,49.005
5178,869.7325
5179,86.1755
5180,389.182
5181,35.576
5182,131.637
5183,168.37883333333332
5184,131.1375
5185,223.362
5186,78.538
5187,584.4306250000001
5188,106.33929107142862
5189,29.594
5190,187.488
5191,99.2115
5192,495.12975
5193,430.544
5194,392.4975
5195,99.6155
5196,258.886
5197,324.6315
5198,198.469
5199,444.9535
5200,78.977
5201,107.725
5202,178.542875
5203,380.6059166666667
5204,18.6705
5205,475.9485
5206,42.712583333333335
5207,143.418
5208,234.516
5209,288.7795
5210,44.6505
5211,111.472
5212,48.6535
5213,701.5463333333333
